epoch,train_loss,val_loss,val_r2,val_mae,val_rmse,learning_rate
1,0.200887,0.030734,0.772107,0.121803,0.168804,0.00003600
2,0.082242,0.031614,0.772526,0.124227,0.168649,0.00003731
3,0.055184,0.033231,0.762951,0.128397,0.172162,0.00004128
4,0.042727,0.036485,0.739868,0.137965,0.180349,0.00004788
5,0.035944,0.033020,0.759075,0.130450,0.173564,0.00005707
6,0.031545,0.029948,0.780283,0.122540,0.165749,0.00006880
7,0.028887,0.027749,0.793615,0.116696,0.160641,0.00008299
8,0.026756,0.023630,0.822313,0.103904,0.149055,0.00009955
9,0.025275,0.022426,0.834491,0.100755,0.143856,0.00011838
10,0.024121,0.022310,0.832251,0.100078,0.144826,0.00013937
11,0.022950,0.020914,0.841479,0.095915,0.140787,0.00016239
12,0.022273,0.020441,0.846410,0.094839,0.138580,0.00018730
13,0.021623,0.022272,0.831481,0.101106,0.145158,0.00021393
14,0.021063,0.021817,0.841419,0.102355,0.140813,0.00024213
15,0.020942,0.020374,0.846750,0.094305,0.138426,0.00027173
16,0.020373,0.019932,0.846308,0.092048,0.138625,0.00030253
17,0.020127,0.019440,0.853489,0.091558,0.135348,0.00033436
18,0.019893,0.019887,0.846948,0.091634,0.138337,0.00036701
19,0.020078,0.020793,0.841452,0.098231,0.140799,0.00040028
20,0.019886,0.023054,0.829728,0.109166,0.145912,0.00043397
21,0.019456,0.019333,0.852024,0.090374,0.136023,0.00046787
22,0.019833,0.019954,0.850719,0.093541,0.136622,0.00050177
23,0.019316,0.025699,0.814608,0.112605,0.152252,0.00053546
24,0.019578,0.019301,0.853613,0.092216,0.135291,0.00056874
25,0.019084,0.022432,0.832152,0.102192,0.144869,0.00060140
26,0.018845,0.019710,0.848723,0.092725,0.137532,0.00063323
27,0.018811,0.025488,0.802651,0.112253,0.157085,0.00066404
28,0.019107,0.023621,0.817192,0.109677,0.151187,0.00069365
29,0.018637,0.023359,0.824675,0.103903,0.148061,0.00072186
30,0.018732,0.020338,0.846612,0.095534,0.138488,0.00074851
31,0.018695,0.021070,0.843190,0.097740,0.140025,0.00077342
32,0.018229,0.021899,0.837620,0.101230,0.142490,0.00079646
33,0.018323,0.049208,0.612847,0.180680,0.220018,0.00081746
34,0.018308,0.047850,0.646676,0.172792,0.210186,0.00083632
35,0.018251,0.027046,0.789172,0.119011,0.162361,0.00085278
36,0.018058,0.023273,0.820974,0.108565,0.149615,0.00086700
37,0.017944,0.020498,0.849370,0.097295,0.137238,0.00087877
38,0.017893,0.026668,0.795142,0.118478,0.160046,0.00088800
39,0.017842,0.019451,0.852012,0.091735,0.136029,0.00089464
40,0.017730,0.022499,0.835835,0.104079,0.143271,0.00089865
41,0.017803,0.026685,0.791811,0.116485,0.161342,0.00090000
42,0.017653,0.019186,0.853081,0.090978,0.135536,0.00089991
43,0.017442,0.019394,0.852095,0.092256,0.135991,0.00089966
44,0.017544,0.018817,0.855705,0.089456,0.134321,0.00089922
45,0.017730,0.022716,0.822844,0.102384,0.148832,0.00089862
46,0.017273,0.019047,0.854126,0.091465,0.135054,0.00089784
47,0.017309,0.019819,0.847196,0.093663,0.138225,0.00089689
48,0.017176,0.048204,0.629668,0.178273,0.215186,0.00089577
49,0.017748,0.019858,0.847511,0.093966,0.138082,0.00089448
50,0.017118,0.019470,0.852966,0.095558,0.135590,0.00089302
51,0.017022,0.020612,0.840843,0.094965,0.141069,0.00089138
52,0.016960,0.018855,0.860203,0.092304,0.132211,0.00088957
53,0.017013,0.019200,0.852850,0.091652,0.135643,0.00088760
54,0.016843,0.018711,0.857466,0.089674,0.133499,0.00088545
55,0.016944,0.032404,0.746739,0.138010,0.177952,0.00088314
56,0.016964,0.027236,0.796396,0.122370,0.159555,0.00088066
57,0.016742,0.028515,0.777406,0.121959,0.166830,0.00087802
58,0.016854,0.019607,0.847793,0.092368,0.137954,0.00087521
59,0.016817,0.018971,0.856533,0.091159,0.133935,0.00087223
60,0.016850,0.021051,0.841559,0.098781,0.140751,0.00086910
61,0.016757,0.019033,0.855144,0.093708,0.134582,0.00086580
62,0.016731,0.025559,0.800474,0.114463,0.157949,0.00086234
63,0.016734,0.018657,0.860246,0.091446,0.132191,0.00085872
64,0.016665,0.018894,0.856238,0.091698,0.134073,0.00085495
65,0.016589,0.019115,0.852682,0.092884,0.135721,0.00085101
66,0.016635,0.019240,0.857937,0.093021,0.133278,0.00084693
67,0.016804,0.029321,0.776729,0.129008,0.167084,0.00084272
68,0.016706,0.020197,0.849931,0.096175,0.136982,0.00083833
69,0.016658,0.025915,0.798039,0.116701,0.158910,0.00083379
70,0.016654,0.020715,0.842569,0.098465,0.140302,0.00082911
71,0.016656,0.020008,0.847191,0.097681,0.138227,0.00082427
72,0.016551,0.020038,0.849632,0.096511,0.137118,0.00081930
73,0.016651,0.024548,0.809348,0.114409,0.154397,0.00081418
74,0.016461,0.018597,0.857908,0.090546,0.133291,0.00080892
75,0.016670,0.025419,0.804081,0.118368,0.156515,0.00080352
76,0.016483,0.022859,0.822857,0.105155,0.148827,0.00079798
77,0.016544,0.020327,0.846830,0.097012,0.138390,0.00079231
78,0.016579,0.018484,0.858352,0.089498,0.133083,0.00078651
79,0.016610,0.029585,0.775847,0.130698,0.167413,0.00078058
80,0.016590,0.019886,0.848248,0.097263,0.137748,0.00077452
81,0.016504,0.019187,0.859200,0.092717,0.132684,0.00076834
82,0.016473,0.025242,0.803056,0.113687,0.156924,0.00076204
83,0.016520,0.018337,0.860147,0.089052,0.132237,0.00075571
84,0.016526,0.019015,0.853715,0.090220,0.135244,0.00074917
85,0.016454,0.019108,0.853998,0.091876,0.135113,0.00074251
86,0.016497,0.018229,0.861345,0.089860,0.131669,0.00073574
87,0.016538,0.018980,0.854961,0.093830,0.134667,0.00072886
88,0.016543,0.020508,0.841739,0.098744,0.140671,0.00072187
89,0.016584,0.019342,0.849978,0.091204,0.136961,0.00071478
90,0.016387,0.019297,0.853955,0.093133,0.135133,0.00070758
91,0.016401,0.019902,0.846681,0.093437,0.138457,0.00070029
92,0.016423,0.019123,0.853317,0.091243,0.135428,0.00069290
93,0.016460,0.019477,0.852126,0.093553,0.135976,0.00068541
94,0.016337,0.018574,0.856745,0.088625,0.133836,0.00067784
95,0.016434,0.019606,0.854095,0.094569,0.135068,0.00067017
96,0.016648,0.018389,0.860074,0.090752,0.132272,0.00066243
97,0.016384,0.019302,0.855719,0.093368,0.134314,0.00065460
98,0.016421,0.019963,0.845010,0.094735,0.139210,0.00064669
99,0.016333,0.022769,0.822785,0.105690,0.148857,0.00063870
100,0.016366,0.018213,0.859580,0.088181,0.132505,0.00063065
101,0.016393,0.019152,0.852292,0.090481,0.135900,0.00062252
102,0.016252,0.018802,0.854616,0.090737,0.134827,0.00061433
103,0.016317,0.022952,0.825838,0.107636,0.147569,0.00060607
104,0.016394,0.020834,0.838268,0.096701,0.142205,0.00059775
105,0.016397,0.018406,0.858095,0.088105,0.133204,0.00058938
106,0.016298,0.022466,0.832698,0.104785,0.144633,0.00058095
107,0.016384,0.018516,0.857007,0.088445,0.133713,0.00057247
108,0.016235,0.021284,0.834699,0.097887,0.143766,0.00056395
109,0.016300,0.022689,0.823471,0.107191,0.148568,0.00055538
110,0.016333,0.019152,0.854167,0.091847,0.135035,0.00054677
111,0.016355,0.018960,0.853917,0.090041,0.135150,0.00053812
112,0.016291,0.018206,0.859784,0.087792,0.132409,0.00052944
113,0.016329,0.019021,0.853366,0.090308,0.135405,0.00052073
114,0.016428,0.020159,0.849391,0.096494,0.137228,0.00051206
115,0.016251,0.019272,0.850890,0.093430,0.136544,0.00050330
116,0.016184,0.018033,0.863098,0.088633,0.130835,0.00049458
117,0.016225,0.018133,0.862376,0.090910,0.131179,0.00048578
118,0.016318,0.018150,0.861671,0.088944,0.131515,0.00047696
119,0.016193,0.018236,0.859257,0.088243,0.132657,0.00046814
120,0.016191,0.018266,0.862534,0.090212,0.131104,0.00045931
121,0.016235,0.018552,0.858733,0.090170,0.132904,0.00045047
122,0.016029,0.018054,0.861351,0.087923,0.131667,0.00044164
123,0.016179,0.018647,0.858921,0.093218,0.132816,0.00043281
124,0.016166,0.017995,0.862136,0.087838,0.131293,0.00042398
125,0.016207,0.020117,0.847041,0.096156,0.138295,0.00041517
126,0.016177,0.018664,0.855820,0.090021,0.134267,0.00040636
127,0.016077,0.018966,0.852997,0.089013,0.135576,0.00039758
128,0.016146,0.019618,0.849335,0.095311,0.137254,0.00038881
129,0.016052,0.017976,0.861877,0.087615,0.131417,0.00038007
130,0.016018,0.019137,0.853742,0.091922,0.135231,0.00037136
131,0.016113,0.018291,0.860488,0.090910,0.132076,0.00036267
132,0.016158,0.018161,0.864197,0.090432,0.130309,0.00035402
133,0.016042,0.019226,0.850981,0.092956,0.136502,0.00034541
134,0.016054,0.018049,0.861119,0.087469,0.131777,0.00033684
135,0.016182,0.018008,0.864005,0.088792,0.130401,0.00032831
136,0.016171,0.018107,0.863016,0.089481,0.130874,0.00031983
137,0.016192,0.018071,0.861249,0.088812,0.131715,0.00031139
138,0.015999,0.018828,0.854782,0.092585,0.134750,0.00030301
139,0.016052,0.018260,0.859262,0.088317,0.132655,0.00029469
140,0.015960,0.018126,0.860790,0.087955,0.131933,0.00028643
141,0.015977,0.018117,0.860370,0.088271,0.132132,0.00027823
142,0.015962,0.018667,0.857017,0.092980,0.133709,0.00027010
143,0.015977,0.017957,0.862169,0.087557,0.131278,0.00026203
144,0.015980,0.017815,0.863280,0.087701,0.130748,0.00025404
145,0.015940,0.017882,0.863349,0.087539,0.130715,0.00024613
146,0.015903,0.018364,0.858602,0.089920,0.132966,0.00023829
147,0.015972,0.017741,0.864903,0.088283,0.129969,0.00023059
148,0.015914,0.017925,0.864260,0.089171,0.130278,0.00022292
149,0.015966,0.018075,0.861831,0.089435,0.131439,0.00021534
150,0.015893,0.017776,0.864710,0.088534,0.130062,0.00020785
151,0.015848,0.017980,0.863923,0.088608,0.130440,0.00020045
152,0.015888,0.017923,0.862213,0.087499,0.131257,0.00019314
153,0.015788,0.017785,0.864607,0.088015,0.130111,0.00018594
154,0.015924,0.017901,0.863213,0.088048,0.130780,0.00017883
155,0.015852,0.017875,0.864175,0.088310,0.130319,0.00017183
156,0.015848,0.017932,0.863559,0.088373,0.130614,0.00016500
157,0.015828,0.017751,0.865176,0.087760,0.129838,0.00015821
158,0.015860,0.017921,0.863314,0.088369,0.130731,0.00015154
159,0.015796,0.017714,0.865277,0.087349,0.129789,0.00014499
160,0.015747,0.018037,0.862531,0.088472,0.131105,0.00013855
161,0.015864,0.017943,0.862535,0.089104,0.131103,0.00013223
162,0.015848,0.018868,0.856286,0.091454,0.134050,0.00012604
163,0.015913,0.018290,0.859354,0.088272,0.132612,0.00011997
164,0.015798,0.017797,0.865960,0.088570,0.129460,0.00011403
165,0.015817,0.018250,0.860477,0.089072,0.132081,0.00010822
166,0.015815,0.017761,0.865503,0.088977,0.129680,0.00010253
167,0.015715,0.017759,0.863921,0.087511,0.130441,0.00009699
168,0.015733,0.017634,0.866278,0.087722,0.129306,0.00009158
169,0.015702,0.018246,0.861407,0.089529,0.131640,0.00008630
170,0.015743,0.017780,0.863763,0.087534,0.130517,0.00008121
171,0.015796,0.017879,0.863211,0.087392,0.130780,0.00007622
172,0.015754,0.017671,0.865888,0.088147,0.129494,0.00007137
173,0.015668,0.017974,0.862244,0.087753,0.131242,0.00006667
174,0.015724,0.017636,0.865097,0.087530,0.129876,0.00006211
175,0.015694,0.017633,0.865090,0.087295,0.129879,0.00005771
176,0.015605,0.018024,0.863435,0.089197,0.130674,0.00005346
177,0.015719,0.017523,0.866293,0.087196,0.129299,0.00004936
178,0.015747,0.017826,0.863670,0.087640,0.130561,0.00004541
179,0.015624,0.017790,0.864398,0.087716,0.130212,0.00004162
180,0.015665,0.017595,0.865592,0.087452,0.129637,0.00003799
181,0.015687,0.017609,0.865390,0.087043,0.129735,0.00003452
182,0.015690,0.017588,0.865652,0.087035,0.129608,0.00003120
183,0.015638,0.017696,0.864273,0.087368,0.130272,0.00002805
184,0.015640,0.017695,0.864717,0.087327,0.130059,0.00002506
185,0.015593,0.017715,0.864137,0.087337,0.130337,0.00002224
186,0.015671,0.017660,0.864777,0.086866,0.130030,0.00001958
187,0.015682,0.017737,0.863646,0.087084,0.130573,0.00001708
188,0.015594,0.017629,0.864797,0.086862,0.130020,0.00001475
189,0.015580,0.017578,0.865402,0.087170,0.129729,0.00001260
190,0.015606,0.017565,0.866036,0.087281,0.129423,0.00001060
191,0.015596,0.017648,0.865334,0.087288,0.129762,0.00000878
192,0.015576,0.017643,0.864712,0.086891,0.130061,0.00000713
193,0.015586,0.017613,0.865274,0.087187,0.129791,0.00000565
194,0.015638,0.017606,0.865519,0.087091,0.129673,0.00000434
195,0.015572,0.017575,0.865593,0.087048,0.129637,0.00000320
196,0.015633,0.017707,0.865168,0.087618,0.129842,0.00000224
197,0.015563,0.017633,0.864829,0.087052,0.130005,0.00000144
198,0.015588,0.017552,0.865719,0.086998,0.129576,0.00000082
199,0.015528,0.017619,0.864881,0.087012,0.129980,0.00000038
200,0.015608,0.017593,0.865498,0.087046,0.129683,0.00000010
